No.,Title,Translation,Artist,Year,Language,Plays,Embed
1,Dynamite,Dynamite,BTS,2022,Korean,1564317122,"<iframe style=""border-radius:12px"" src=""https://open.spotify.com/embed/track/5QDLhrAOJJdNAmCTJ8xMyW?utm_source=generator&theme=0"" width=""100%"" height=""352"" frameBorder=""0"" allowfullscreen="""" allow=""autoplay; clipboard-write; encrypted-media; fullscreen; picture-in-picture"" loading=""lazy""></iframe>"
2,Butter,Butter,BTS,2022,Korean,1052858230,"<iframe style=""border-radius:12px"" src=""https://open.spotify.com/embed/track/1mWdTewIgB3gtBM3TOSFhB?utm_source=generator&theme=0"" width=""100%"" height=""352"" frameBorder=""0"" allowfullscreen="""" allow=""autoplay; clipboard-write; encrypted-media; fullscreen; picture-in-picture"" loading=""lazy""></iframe>"
3,Pink Venom,Pink Venom,BLACKPINK,2022,Korean,359435765,"<iframe style=""border-radius:12px"" src=""https://open.spotify.com/embed/track/5zwwW9Oq7ubSxoCGyW1nbY?utm_source=generator&theme=0"" width=""100%"" height=""352"" frameBorder=""0"" allowfullscreen="""" allow=""autoplay; clipboard-write; encrypted-media; fullscreen; picture-in-picture"" loading=""lazy""></iframe>"
4,MONEY,MONEY,LISA,2022,Korean,604925183,"<iframe style=""border-radius:12px"" src=""https://open.spotify.com/embed/track/7hU3IHwjX150XLoTVmjD0q?utm_source=generator&theme=0"" width=""100%"" height=""352"" frameBorder=""0"" allowfullscreen="""" allow=""autoplay; clipboard-write; encrypted-media; fullscreen; picture-in-picture"" loading=""lazy""></iframe>"
5,Yet To Come,Yet To Come,BTS,2022,Korean,235815062,"<iframe style=""border-radius:12px"" src=""https://open.spotify.com/embed/track/10SRMwb9EuVS1K9rYsBfHQ?utm_source=generator&theme=0"" width=""100%"" height=""352"" frameBorder=""0"" allowfullscreen="""" allow=""autoplay; clipboard-write; encrypted-media; fullscreen; picture-in-picture"" loading=""lazy""></iframe>"
6,LOVE DIVE,LOVE DIVE,IVE,2022,Korean,213202124,"<iframe style=""border-radius:12px"" src=""https://open.spotify.com/embed/track/0Q5VnK2DYzRyfqQRJuUtvi?utm_source=generator&theme=0"" width=""100%"" height=""352"" frameBorder=""0"" allowfullscreen="""" allow=""autoplay; clipboard-write; encrypted-media; fullscreen; picture-in-picture"" loading=""lazy""></iframe>"
7,Shut Down,Shut Down,BLACKPINK,2022,Korean,262273249,"<iframe style=""border-radius:12px"" src=""https://open.spotify.com/embed/track/7gRFDGEzF9UkBV233yv2dc?utm_source=generator&theme=0"" width=""100%"" height=""352"" frameBorder=""0"" allowfullscreen="""" allow=""autoplay; clipboard-write; encrypted-media; fullscreen; picture-in-picture"" loading=""lazy""></iframe>"
8,Christmas Tree,Christmas Tree,V,2022,Korean,218339961,"<iframe style=""border-radius:12px"" src=""https://open.spotify.com/embed/track/186NCtNk1tUYS7c2DxgJ7O?utm_source=generator&theme=0"" width=""100%"" height=""352"" frameBorder=""0"" allowfullscreen="""" allow=""autoplay; clipboard-write; encrypted-media; fullscreen; picture-in-picture"" loading=""lazy""></iframe>"
9,Permission To Dance,Permission To Dance,BTS,2022,Korean,553270691,"<iframe style=""border-radius:12px"" src=""https://open.spotify.com/embed/track/3XYRV7ZSHqIRDG87DKTtry?utm_source=generator&theme=0"" width=""100%"" height=""352"" frameBorder=""0"" allowfullscreen="""" allow=""autoplay; clipboard-write; encrypted-media; fullscreen; picture-in-picture"" loading=""lazy""></iframe>"
10,With you,With you,Jimin & HA SUNG WOON,2022,Korean,188998703,"<iframe style=""border-radius:12px"" src=""https://open.spotify.com/embed/track/2gzhQaCTeNgxpeB2TPllyY?utm_source=generator&theme=0"" width=""100%"" height=""352"" frameBorder=""0"" allowfullscreen="""" allow=""autoplay; clipboard-write; encrypted-media; fullscreen; picture-in-picture"" loading=""lazy""></iframe>"
11,Stay Alive (Prod. SUGA of BTS) ,Stay Alive (Prod. SUGA of BTS) ,Jung Kook,2022,Korean,181989607,"<iframe style=""border-radius:12px"" src=""https://open.spotify.com/embed/track/7CAdT0HdiQNlt1C7xk2hep?utm_source=generator&theme=0"" width=""100%"" height=""352"" frameBorder=""0"" allowfullscreen="""" allow=""autoplay; clipboard-write; encrypted-media; fullscreen; picture-in-picture"" loading=""lazy""></iframe>"
12,Boy With Luv,Boy With Luv,BTS & Halsey,2022,Korean,973121524,"<iframe style=""border-radius:12px"" src=""https://open.spotify.com/embed/track/4a9tbd947vo9K8Vti9JwcI?utm_source=generator&theme=0"" width=""100%"" height=""352"" frameBorder=""0"" allowfullscreen="""" allow=""autoplay; clipboard-write; encrypted-media; fullscreen; picture-in-picture"" loading=""lazy""></iframe>"
13,The Feels,The Feels,TWICE,2022,Korean,287994240,"<iframe style=""border-radius:12px"" src=""https://open.spotify.com/embed/track/1utDFK1ARQcuZSwapf3cfb?utm_source=generator&theme=0"" width=""100%"" height=""352"" frameBorder=""0"" allowfullscreen="""" allow=""autoplay; clipboard-write; encrypted-media; fullscreen; picture-in-picture"" loading=""lazy""></iframe>"
14,Run BTS,Run BTS,BTS,2022,Korean,203370385,"<iframe style=""border-radius:12px"" src=""https://open.spotify.com/embed/track/69xohKu8C1fsflYAiSNbwM?utm_source=generator&theme=0"" width=""100%"" height=""352"" frameBorder=""0"" allowfullscreen="""" allow=""autoplay; clipboard-write; encrypted-media; fullscreen; picture-in-picture"" loading=""lazy""></iframe>"
15,ELEVEN,ELEVEN,IVE,2022,Korean,195702371,"<iframe style=""border-radius:12px"" src=""https://open.spotify.com/embed/track/7n2FZQsaLb7ZRfRPfEeIvr?utm_source=generator&theme=0"" width=""100%"" height=""352"" frameBorder=""0"" allowfullscreen="""" allow=""autoplay; clipboard-write; encrypted-media; fullscreen; picture-in-picture"" loading=""lazy""></iframe>"
16,Polaroid Love,Polaroid Love,Enhyphen,2022,Korean,159221969,"<iframe style=""border-radius:12px"" src=""https://open.spotify.com/embed/track/5elW2CKSoqjYoJ32AGDxf1?utm_source=generator&theme=0"" width=""100%"" height=""352"" frameBorder=""0"" allowfullscreen="""" allow=""autoplay; clipboard-write; encrypted-media; fullscreen; picture-in-picture"" loading=""lazy""></iframe>"
17,How You Like That,How You Like That,BLACKPINK,2022,Korean,723021743,"<iframe style=""border-radius:12px"" src=""https://open.spotify.com/embed/track/4SFknyjLcyTLJFPKD2m96o?utm_source=generator&theme=0"" width=""100%"" height=""352"" frameBorder=""0"" allowfullscreen="""" allow=""autoplay; clipboard-write; encrypted-media; fullscreen; picture-in-picture"" loading=""lazy""></iframe>"
18,That That (prod. & feat. SUGA of BTS),That That (prod. & feat. SUGA of BTS),PSY & SUGA,2022,Korean,157670589,"<iframe style=""border-radius:12px"" src=""https://open.spotify.com/embed/track/7GNRUsU3M4XNDDB9xle5Dz?utm_source=generator&theme=0"" width=""100%"" height=""352"" frameBorder=""0"" allowfullscreen="""" allow=""autoplay; clipboard-write; encrypted-media; fullscreen; picture-in-picture"" loading=""lazy""></iframe>"
19,DARARI,DARARI,TREASURE,2022,Korean,141857335,"<iframe style=""border-radius:12px"" src=""https://open.spotify.com/embed/track/0dcnrLo8s1rhjm8euGjI4n?utm_source=generator&theme=0"" width=""100%"" height=""352"" frameBorder=""0"" allowfullscreen="""" allow=""autoplay; clipboard-write; encrypted-media; fullscreen; picture-in-picture"" loading=""lazy""></iframe>"
20,MANIAC,MANIAC,Stray Kids,2022,Korean,149999670,"<iframe style=""border-radius:12px"" src=""https://open.spotify.com/embed/track/63irPUP3xB74fHdw1Aw9zR?utm_source=generator&theme=0"" width=""100%"" height=""352"" frameBorder=""0"" allowfullscreen="""" allow=""autoplay; clipboard-write; encrypted-media; fullscreen; picture-in-picture"" loading=""lazy""></iframe>"
21,POP!,POP!,NAYEON,2022,Korean,148137764,"<iframe style=""border-radius:12px"" src=""https://open.spotify.com/embed/track/3lOMJTQTd6J34faYwASc33?utm_source=generator&theme=0"" width=""100%"" height=""352"" frameBorder=""0"" allowfullscreen="""" allow=""autoplay; clipboard-write; encrypted-media; fullscreen; picture-in-picture"" loading=""lazy""></iframe>"
22,WA DA DA ,WA DA DA ,Kep1er,2022,Korean,130968746,"<iframe style=""border-radius:12px"" src=""https://open.spotify.com/embed/track/4gdiCHNbwugojBqr5Jt3pq?utm_source=generator&theme=0"" width=""100%"" height=""352"" frameBorder=""0"" allowfullscreen="""" allow=""autoplay; clipboard-write; encrypted-media; fullscreen; picture-in-picture"" loading=""lazy""></iframe>"
23,FEARLESS,FEARLESS,LE SSERAFIM,2022,Korean,148105774,"<iframe style=""border-radius:12px"" src=""https://open.spotify.com/embed/track/296nXCOv97WJNRWzIBQnoj?utm_source=generator&theme=0"" width=""100%"" height=""352"" frameBorder=""0"" allowfullscreen="""" allow=""autoplay; clipboard-write; encrypted-media; fullscreen; picture-in-picture"" loading=""lazy""></iframe>"
24,Life Goes On,Life Goes On,BTS,2022,Korean,571989174,"<iframe style=""border-radius:12px"" src=""https://open.spotify.com/embed/track/5FVbvttjEvQ8r2BgUcJgNg?utm_source=generator&theme=0"" width=""100%"" height=""352"" frameBorder=""0"" allowfullscreen="""" allow=""autoplay; clipboard-write; encrypted-media; fullscreen; picture-in-picture"" loading=""lazy""></iframe>"
25,TOMBOY,TOMBOY,(G)I-DLE,2022,Korean,139338128,"<iframe style=""border-radius:12px"" src=""https://open.spotify.com/embed/track/0IGUXY4JbK18bu9oD4mPIm?utm_source=generator&theme=0"" width=""100%"" height=""352"" frameBorder=""0"" allowfullscreen="""" allow=""autoplay; clipboard-write; encrypted-media; fullscreen; picture-in-picture"" loading=""lazy""></iframe>"
26,Euphoria,Euphoria,BTS,2022,Korean,441465366,"<iframe style=""border-radius:12px"" src=""https://open.spotify.com/embed/track/5YMXGBD6vcYP7IolemyLtK?utm_source=generator&theme=0"" width=""100%"" height=""352"" frameBorder=""0"" allowfullscreen="""" allow=""autoplay; clipboard-write; encrypted-media; fullscreen; picture-in-picture"" loading=""lazy""></iframe>"
27,LALISA,LALISA,LISA,2022,Korean,274048586,"<iframe style=""border-radius:12px"" src=""https://open.spotify.com/embed/track/7uQZVznj0uQOGC9KhV2Mg6?utm_source=generator&theme=0"" width=""100%"" height=""352"" frameBorder=""0"" allowfullscreen="""" allow=""autoplay; clipboard-write; encrypted-media; fullscreen; picture-in-picture"" loading=""lazy""></iframe>"
28,Hype Boy,Hype Boy,NewJeans,2022,Korean,160516533,"<iframe style=""border-radius:12px"" src=""https://open.spotify.com/embed/track/0a4MMyCrzT0En247IhqZbD?utm_source=generator&theme=0"" width=""100%"" height=""352"" frameBorder=""0"" allowfullscreen="""" allow=""autoplay; clipboard-write; encrypted-media; fullscreen; picture-in-picture"" loading=""lazy""></iframe>"
29,After LIKE,After LIKE,IVE,2022,Korean,147735977,"<iframe style=""border-radius:12px"" src=""https://open.spotify.com/embed/track/2gYj9lubBorOPIVWsTXugG?utm_source=generator&theme=0"" width=""100%"" height=""352"" frameBorder=""0"" allowfullscreen="""" allow=""autoplay; clipboard-write; encrypted-media; fullscreen; picture-in-picture"" loading=""lazy""></iframe>"
30,ZOOM,ZOOM,Jessi,2022,Korean,111019230,"<iframe style=""border-radius:12px"" src=""https://open.spotify.com/embed/track/4IaxDf2FixiQXq0mW7key9?utm_source=generator&theme=0"" width=""100%"" height=""352"" frameBorder=""0"" allowfullscreen="""" allow=""autoplay; clipboard-write; encrypted-media; fullscreen; picture-in-picture"" loading=""lazy""></iframe>"
31,MORE,MORE,j-hope,2022,Korean,115542027,"<iframe style=""border-radius:12px"" src=""https://open.spotify.com/embed/track/4XKXphKH76W4zNpkgFS5o2?utm_source=generator&theme=0"" width=""100%"" height=""352"" frameBorder=""0"" allowfullscreen="""" allow=""autoplay; clipboard-write; encrypted-media; fullscreen; picture-in-picture"" loading=""lazy""></iframe>"
32,FAKE LOVE,FAKE LOVE,BTS,2022,Korean,606568387,"<iframe style=""border-radius:12px"" src=""https://open.spotify.com/embed/track/6m1TWFMeon7ai9XLOzdbiR?utm_source=generator&theme=0"" width=""100%"" height=""352"" frameBorder=""0"" allowfullscreen="""" allow=""autoplay; clipboard-write; encrypted-media; fullscreen; picture-in-picture"" loading=""lazy""></iframe>"
33,LOCO,LOCO,ITZY,2022,Korean,147313158,"<iframe style=""border-radius:12px"" src=""https://open.spotify.com/embed/track/56Yxkm62GtEpnPyG7TvwLY?utm_source=generator&theme=0"" width=""100%"" height=""352"" frameBorder=""0"" allowfullscreen="""" allow=""autoplay; clipboard-write; encrypted-media; fullscreen; picture-in-picture"" loading=""lazy""></iframe>"
34,Kill This Love,Kill This Love,BLACKPINK,2022,Korean,654098390,"<iframe style=""border-radius:12px"" src=""https://open.spotify.com/embed/track/6hvczQ05jc1yGlp9zhb95V?utm_source=generator&theme=0"" width=""100%"" height=""352"" frameBorder=""0"" allowfullscreen="""" allow=""autoplay; clipboard-write; encrypted-media; fullscreen; picture-in-picture"" loading=""lazy""></iframe>"
35,O.O,O.O,NMIXX,2022,Korean,107817799,"<iframe style=""border-radius:12px"" src=""https://open.spotify.com/embed/track/3lrNsPdn98i6rxO142pLT6?utm_source=generator&theme=0"" width=""100%"" height=""352"" frameBorder=""0"" allowfullscreen="""" allow=""autoplay; clipboard-write; encrypted-media; fullscreen; picture-in-picture"" loading=""lazy""></iframe>"
36,Filter,Filter,BTS & Halsey,2022,Korean,346467552,"<iframe style=""border-radius:12px"" src=""https://open.spotify.com/embed/track/4bZZVcgWWMWPBwzTTp642w?utm_source=generator&theme=0"" width=""100%"" height=""352"" frameBorder=""0"" allowfullscreen="""" allow=""autoplay; clipboard-write; encrypted-media; fullscreen; picture-in-picture"" loading=""lazy""></iframe>"
37,Step Back,Step Back,GOT the best,2022,Korean,102672699,"<iframe style=""border-radius:12px"" src=""https://open.spotify.com/embed/track/3LCwQoTrdQgHsGJE5gGVqx?utm_source=generator&theme=0"" width=""100%"" height=""352"" frameBorder=""0"" allowfullscreen="""" allow=""autoplay; clipboard-write; encrypted-media; fullscreen; picture-in-picture"" loading=""lazy""></iframe>"
38,Attention,Attention,NewJeans,2022,Korean,132021109,"<iframe style=""border-radius:12px"" src=""https://open.spotify.com/embed/track/2pIUpMhHL6L9Z5lnKxJJr9?utm_source=generator&theme=0"" width=""100%"" height=""352"" frameBorder=""0"" allowfullscreen="""" allow=""autoplay; clipboard-write; encrypted-media; fullscreen; picture-in-picture"" loading=""lazy""></iframe>"
39,DDU-DU DDU-DU,DDU-DU DDU-DU,BLACKPINK,2022,Korean,558776945,"<iframe style=""border-radius:12px"" src=""https://open.spotify.com/embed/track/4lQsB3ERTWSNaAN1IkuNRl?utm_source=generator&theme=0"" width=""100%"" height=""352"" frameBorder=""0"" allowfullscreen="""" allow=""autoplay; clipboard-write; encrypted-media; fullscreen; picture-in-picture"" loading=""lazy""></iframe>"
40,FEVER,FEVER,ENHYPHEN,2022,Korean,210157158,"<iframe style=""border-radius:12px"" src=""https://open.spotify.com/embed/track/0UzymivvUH5s8z4PeWZJaK?utm_source=generator&theme=0"" width=""100%"" height=""352"" frameBorder=""0"" allowfullscreen="""" allow=""autoplay; clipboard-write; encrypted-media; fullscreen; picture-in-picture"" loading=""lazy""></iframe>"
41,Lovesick Girls,Lovesick Girls,BLACKPINK,2022,Korean,398371052,"<iframe style=""border-radius:12px"" src=""https://open.spotify.com/embed/track/4Ws314Ylb27BVsvlZOy30C?utm_source=generator&theme=0"" width=""100%"" height=""352"" frameBorder=""0"" allowfullscreen="""" allow=""autoplay; clipboard-write; encrypted-media; fullscreen; picture-in-picture"" loading=""lazy""></iframe>"
42,Talk that Talk,Talk that Talk,TWICE,2022,Korean,117403500,"<iframe style=""border-radius:12px"" src=""https://open.spotify.com/embed/track/0RDqNCRBGrSegk16Avfzuq?utm_source=generator&theme=0"" width=""100%"" height=""352"" frameBorder=""0"" allowfullscreen="""" allow=""autoplay; clipboard-write; encrypted-media; fullscreen; picture-in-picture"" loading=""lazy""></iframe>"
43,Thunderous,Thunderous,Stray Kids,2022,Korean,156909350,"<iframe style=""border-radius:12px"" src=""https://open.spotify.com/embed/track/0nwTMzpatarzvLvtwwzdCt?utm_source=generator&theme=0"" width=""100%"" height=""352"" frameBorder=""0"" allowfullscreen="""" allow=""autoplay; clipboard-write; encrypted-media; fullscreen; picture-in-picture"" loading=""lazy""></iframe>"
44,Feel My Rhythm,Feel My Rhythm,Red Velvet,2022,Korean,91296230,"<iframe style=""border-radius:12px"" src=""https://open.spotify.com/embed/track/2oBMZYteeO8DyXV9gDx6Za?utm_source=generator&theme=0"" width=""100%"" height=""352"" frameBorder=""0"" allowfullscreen="""" allow=""autoplay; clipboard-write; encrypted-media; fullscreen; picture-in-picture"" loading=""lazy""></iframe>"
45,SOLO,SOLO,JENNIE,2022,Korean,440181151,"<iframe style=""border-radius:12px"" src=""https://open.spotify.com/embed/track/2wVDWtLKXunswWecARNILj?utm_source=generator&theme=0"" width=""100%"" height=""352"" frameBorder=""0"" allowfullscreen="""" allow=""autoplay; clipboard-write; encrypted-media; fullscreen; picture-in-picture"" loading=""lazy""></iframe>"
46,ONLY,ONLY,LeeHi,2022,Korean,164912740,"<iframe style=""border-radius:12px"" src=""https://open.spotify.com/embed/track/6TBJkXHPhu3EsMk1bshwuI?utm_source=generator&theme=0"" width=""100%"" height=""352"" frameBorder=""0"" allowfullscreen="""" allow=""autoplay; clipboard-write; encrypted-media; fullscreen; picture-in-picture"" loading=""lazy""></iframe>"
47,Blood Sweat & Tears,Blood Sweat & Tears,BTS,2022,Korean,465335924,"<iframe style=""border-radius:12px"" src=""https://open.spotify.com/embed/track/2u54HNQamwFuOMLSuhSRom?utm_source=generator&theme=0"" width=""100%"" height=""352"" frameBorder=""0"" allowfullscreen="""" allow=""autoplay; clipboard-write; encrypted-media; fullscreen; picture-in-picture"" loading=""lazy""></iframe>"
48,DNA,DNA,BTS,2022,Korean,537392844,"<iframe style=""border-radius:12px"" src=""https://open.spotify.com/embed/track/3uRLwBjI2TahxslcMTvpFs?utm_source=generator&theme=0"" width=""100%"" height=""352"" frameBorder=""0"" allowfullscreen="""" allow=""autoplay; clipboard-write; encrypted-media; fullscreen; picture-in-picture"" loading=""lazy""></iframe>"
49,Savage,Savage,aespa,2022,Korean,139244446,"<iframe style=""border-radius:12px"" src=""https://open.spotify.com/embed/track/3dbLT62Cvs46Ju7a8gpr36?utm_source=generator&theme=0"" width=""100%"" height=""352"" frameBorder=""0"" allowfullscreen="""" allow=""autoplay; clipboard-write; encrypted-media; fullscreen; picture-in-picture"" loading=""lazy""></iframe>"
50,I CAN'T STOP ME,I CAN'T STOP ME,TWICE,2022,Korean,290731566,"<iframe style=""border-radius:12px"" src=""https://open.spotify.com/embed/track/37ZtpRBkHcaq6hHy0X98zn?utm_source=generator&theme=0"" width=""100%"" height=""352"" frameBorder=""0"" allowfullscreen="""" allow=""autoplay; clipboard-write; encrypted-media; fullscreen; picture-in-picture"" loading=""lazy""></iframe>"
1,W / X / Y,W / X / Y,Tani Yuuki,2021,Japanese,86303697,"<iframe style=""border-radius:12px"" src=""https://open.spotify.com/embed/track/3cBghvTcQNDNkW98Y4eGaP?utm_source=generator&theme=0"" width=""100%"" height=""352"" frameBorder=""0"" allowfullscreen="""" allow=""autoplay; clipboard-write; encrypted-media; fullscreen; picture-in-picture"" loading=""lazy""></iframe>"
2,Cinderella Boy,Cinderella Boy,Saucy Dog,2021,Japanese,84273872,"<iframe style=""border-radius:12px"" src=""https://open.spotify.com/embed/track/4UALTBWz0OdQcjbTsjFceV?utm_source=generator&theme=0"" width=""100%"" height=""352"" frameBorder=""0"" allowfullscreen="""" allow=""autoplay; clipboard-write; encrypted-media; fullscreen; picture-in-picture"" loading=""lazy""></iframe>"
3,ベテルギウス,Betelgeuse,Yuuri,2022,Japanese,95007286,"<iframe style=""border-radius:12px"" src=""https://open.spotify.com/embed/track/4JK1kDUdH9RTBQrrSO1QfR?utm_source=generator&theme=0"" width=""100%"" height=""352"" frameBorder=""0"" allowfullscreen="""" allow=""autoplay; clipboard-write; encrypted-media; fullscreen; picture-in-picture"" loading=""lazy""></iframe>"
4,なんでもないよ,It's Nothing,Macaroni Empitsu,2022,Japanese,80626587,"<iframe style=""border-radius:12px"" src=""https://open.spotify.com/embed/track/5W7Y92LB4jWvu9NeEQ0GZl?utm_source=generator&theme=0"" width=""100%"" height=""352"" frameBorder=""0"" allowfullscreen="""" allow=""autoplay; clipboard-write; encrypted-media; fullscreen; picture-in-picture"" loading=""lazy""></iframe>"
5,ドライワラワー,Dried Flower,Yuuri,2022,Japanese,187068424,"<iframe style=""border-radius:12px"" src=""https://open.spotify.com/embed/track/4kPlQKwtPrnqLgrmmKFSlA?utm_source=generator&theme=0"" width=""100%"" height=""352"" frameBorder=""0"" allowfullscreen="""" allow=""autoplay; clipboard-write; encrypted-media; fullscreen; picture-in-picture"" loading=""lazy""></iframe>"
6,水平線,Meniscus,back number,2021,Japanese,90851883,"<iframe style=""border-radius:12px"" src=""https://open.spotify.com/embed/track/5m1i6hq7dmRlp3c1utE48L?utm_source=generator"" width=""100%"" height=""352"" frameBorder=""0"" allowfullscreen="""" allow=""autoplay; clipboard-write; encrypted-media; fullscreen; picture-in-picture"" loading=""lazy""></iframe>"
7,残響散歌,Reverberating Melody,Aimer,2021,Japanese,129183984,"<iframe style=""border-radius:12px"" src=""https://open.spotify.com/embed/track/7v8wKvNQQIxkugCFFjrkaO?utm_source=generator&theme=0"" width=""100%"" height=""352"" frameBorder=""0"" allowfullscreen="""" allow=""autoplay; clipboard-write; encrypted-media; fullscreen; picture-in-picture"" loading=""lazy""></iframe>"
8,New Genesis,New Genesis,Ado,2022,Japanese,85836107,"<iframe style=""border-radius:12px"" src=""https://open.spotify.com/embed/track/6A8NfypDHuwiLWbo4a1yca?utm_source=generator&theme=0"" width=""100%"" height=""352"" frameBorder=""0"" allowfullscreen="""" allow=""autoplay; clipboard-write; encrypted-media; fullscreen; picture-in-picture"" loading=""lazy""></iframe>"
9,きらり,Flash,Fujii Kaze,2022,Japanese,117024616,"<iframe style=""border-radius:12px"" src=""https://open.spotify.com/embed/track/51oc6MEsXTpnPn6GOw5VuP?utm_source=generator&theme=0"" width=""100%"" height=""352"" frameBorder=""0"" allowfullscreen="""" allow=""autoplay; clipboard-write; encrypted-media; fullscreen; picture-in-picture"" loading=""lazy""></iframe>"
10,シャッター,Shutter,Yuuri,2022,Japanese,117024616,"<iframe style=""border-radius:12px"" src=""https://open.spotify.com/embed/track/19mjCzLuMHZ0Tyn3eI85bo?utm_source=generator&theme=0"" width=""100%"" height=""352"" frameBorder=""0"" allowfullscreen="""" allow=""autoplay; clipboard-write; encrypted-media; fullscreen; picture-in-picture"" loading=""lazy""></iframe>"
11,Mixed Nuts,Mixed Nuts,OFFICIAL HIGE DANDISM,2022,Japanese,75708344,"<iframe style=""border-radius:12px"" src=""https://open.spotify.com/embed/track/3RFL9hE5cBocBsjD5XLJLQ?utm_source=generator&theme=0"" width=""100%"" height=""352"" frameBorder=""0"" allowfullscreen="""" allow=""autoplay; clipboard-write; encrypted-media; fullscreen; picture-in-picture"" loading=""lazy""></iframe>"
12,CITRUS,CITRUS,Da-iCE,2021,Japanese,81789063,"<iframe style=""border-radius:12px"" src=""https://open.spotify.com/embed/track/2IL2asrtx7XM1y8fu2RMnR?utm_source=generator&theme=0"" width=""100%"" height=""352"" frameBorder=""0"" allowfullscreen="""" allow=""autoplay; clipboard-write; encrypted-media; fullscreen; picture-in-picture"" loading=""lazy""></iframe>"
13,逆夢,False Dreams,King Gnu,2021,Japanese,64417586,"<iframe style=""border-radius:12px"" src=""https://open.spotify.com/embed/track/6ZiEWet0uFRwWBCEKCQ8rY?utm_source=generator&theme=0"" width=""100%"" height=""352"" frameBorder=""0"" allowfullscreen="""" allow=""autoplay; clipboard-write; encrypted-media; fullscreen; picture-in-picture"" loading=""lazy""></iframe>"
14,群青,Ultramarine,YOASOBI,2021,Japanese,199602934,"<iframe style=""border-radius:12px"" src=""https://open.spotify.com/embed/track/1zd35Y44Blc1CwwVbW3Qnk?utm_source=generator&theme=0"" width=""100%"" height=""352"" frameBorder=""0"" allowfullscreen="""" allow=""autoplay; clipboard-write; encrypted-media; fullscreen; picture-in-picture"" loading=""lazy""></iframe>"
15,一途,Earnest,King Gnu,2021,Japanese,72885819,"<iframe style=""border-radius:12px"" src=""https://open.spotify.com/embed/track/7ncPjJBktLEOpstY5JOUMK?utm_source=generator&theme=0"" width=""100%"" height=""352"" frameBorder=""0"" allowfullscreen="""" allow=""autoplay; clipboard-write; encrypted-media; fullscreen; picture-in-picture"" loading=""lazy""></iframe>"
16,カメレオン,Chameleon,King Gnu,2022,Japanese,50288207,"<iframe style=""border-radius:12px"" src=""https://open.spotify.com/embed/track/0J0P8iSE6l3pYHbUdNFYdS?utm_source=generator&theme=0"" width=""100%"" height=""352"" frameBorder=""0"" allowfullscreen="""" allow=""autoplay; clipboard-write; encrypted-media; fullscreen; picture-in-picture"" loading=""lazy""></iframe>"
17,点描の唄,Song of Art,Mrs. GREEN APPLE & Sonoko Inoue,2018,Japanese,128979861,"<iframe style=""border-radius:12px"" src=""https://open.spotify.com/embed/track/1sIIlVrnPhrvmTrHtzM7tV?utm_source=generator&theme=0"" width=""100%"" height=""352"" frameBorder=""0"" allowfullscreen="""" allow=""autoplay; clipboard-write; encrypted-media; fullscreen; picture-in-picture"" loading=""lazy""></iframe>"
18,Mela!,Mela!,Ryokuoushoku Shakai,2020,Japanese,81723487,"<iframe style=""border-radius:12px"" src=""https://open.spotify.com/embed/track/6IO5nn84TKArsi3cjpIqaD?utm_source=generator&theme=0"" width=""100%"" height=""352"" frameBorder=""0"" allowfullscreen="""" allow=""autoplay; clipboard-write; encrypted-media; fullscreen; picture-in-picture"" loading=""lazy""></iframe>"
19,夜に駆ける,Racing Into The Night,YOASOBI,2021,Japanese,406315000,"<iframe style=""border-radius:12px"" src=""https://open.spotify.com/embed/track/6MCjmGYlw6mQVWRFVgBRvB?utm_source=generator&theme=0"" width=""100%"" height=""352"" frameBorder=""0"" allowfullscreen="""" allow=""autoplay; clipboard-write; encrypted-media; fullscreen; picture-in-picture"" loading=""lazy""></iframe>"
20,勿忘,Don't Forget,Awesome City Club,2021,Japanese,107377858,"<iframe style=""border-radius:12px"" src=""https://open.spotify.com/embed/track/0XZyF9lv6diMt4bxThOL0h?utm_source=generator&theme=0"" width=""100%"" height=""352"" frameBorder=""0"" allowfullscreen="""" allow=""autoplay; clipboard-write; encrypted-media; fullscreen; picture-in-picture"" loading=""lazy""></iframe>"
21,魔法の絨毯,Magic Carpet,Takaya Kawasaki,2018,Japanese,97778346,"<iframe style=""border-radius:12px"" src=""https://open.spotify.com/embed/track/3PK5ERLCyMuQ5Cb89GbZVL?utm_source=generator&theme=0"" width=""100%"" height=""352"" frameBorder=""0"" allowfullscreen="""" allow=""autoplay; clipboard-write; encrypted-media; fullscreen; picture-in-picture"" loading=""lazy""></iframe>"
22,Habit,Habit,SEKAI NO OWARI,2022,Japanese,49988792,"<iframe style=""border-radius:12px"" src=""https://open.spotify.com/embed/track/2uMNMcjjUz8oNIxjIu20qE?utm_source=generator&theme=0"" width=""100%"" height=""352"" frameBorder=""0"" allowfullscreen="""" allow=""autoplay; clipboard-write; encrypted-media; fullscreen; picture-in-picture"" loading=""lazy""></iframe>"
23,常緑,Evergreen,Chippoke Ohashi,2021,Japanese,45767103,"<iframe style=""border-radius:12px"" src=""https://open.spotify.com/embed/track/6qn31XzTa6YKXs5FZpAPgP?utm_source=generator&theme=0"" width=""100%"" height=""352"" frameBorder=""0"" allowfullscreen="""" allow=""autoplay; clipboard-write; encrypted-media; fullscreen; picture-in-picture"" loading=""lazy""></iframe>"
24,115万キロのフィルム,115 Million Kilometre Film,OFFICIAL HIGE DANDISM,2018,Japanese,154367554,"<iframe style=""border-radius:12px"" src=""https://open.spotify.com/embed/track/278JqkBGkjDovOYAwE8TW7?utm_source=generator&theme=0"" width=""100%"" height=""352"" frameBorder=""0"" allowfullscreen="""" allow=""autoplay; clipboard-write; encrypted-media; fullscreen; picture-in-picture"" loading=""lazy""></iframe>"
25,YOKAZE,YOKAZE,HENTAI SHINSHI CLUB,2021,Japanese,70351472,"<iframe style=""border-radius:12px"" src=""https://open.spotify.com/embed/track/6tkSMR8bEIfEcJn7ybJtSP?utm_source=generator&theme=0"" width=""100%"" height=""352"" frameBorder=""0"" allowfullscreen="""" allow=""autoplay; clipboard-write; encrypted-media; fullscreen; picture-in-picture"" loading=""lazy""></iframe>"
26,Cry Baby,Cry Baby,OFFICIAL HIGE DANDISM,2021,Japanese,174980957,"<iframe style=""border-radius:12px"" src=""https://open.spotify.com/embed/track/7nF9c1EmRF3BNAtKDCwUAK?utm_source=generator&theme=0"" width=""100%"" height=""352"" frameBorder=""0"" allowfullscreen="""" allow=""autoplay; clipboard-write; encrypted-media; fullscreen; picture-in-picture"" loading=""lazy""></iframe>"
27,ダンスホール,Dance Hall,Mrs. GREEN APPLE,2022,Japanese,45708141,"<iframe style=""border-radius:12px"" src=""https://open.spotify.com/embed/track/4NaaF28BeO9WzjDrSS71Nz?utm_source=generator&theme=0"" width=""100%"" height=""352"" frameBorder=""0"" allowfullscreen="""" allow=""autoplay; clipboard-write; encrypted-media; fullscreen; picture-in-picture"" loading=""lazy""></iframe>"
28,Heart,Heart,Aimyon,2022,Japanese,45084606,"<iframe style=""border-radius:12px"" src=""https://open.spotify.com/embed/track/5Telaq6UCXw3kG6nepeLp1?utm_source=generator&theme=0"" width=""100%"" height=""352"" frameBorder=""0"" allowfullscreen="""" allow=""autoplay; clipboard-write; encrypted-media; fullscreen; picture-in-picture"" loading=""lazy""></iframe>"
29,踊り子,Dancing Girl,Vaundy,2021,Japanese,69477501,"<iframe style=""border-radius:12px"" src=""https://open.spotify.com/embed/track/4xk70Qur2QeRmWIzWPC63V?utm_source=generator&theme=0"" width=""100%"" height=""352"" frameBorder=""0"" allowfullscreen="""" allow=""autoplay; clipboard-write; encrypted-media; fullscreen; picture-in-picture"" loading=""lazy""></iframe>"
30,怪物,Monster,YOASOBI,2021,Japanese,202807851,"<iframe style=""border-radius:12px"" src=""https://open.spotify.com/embed/track/2vjY3jGKElvqXoaGNEuYef?utm_source=generator&theme=0"" width=""100%"" height=""352"" frameBorder=""0"" allowfullscreen="""" allow=""autoplay; clipboard-write; encrypted-media; fullscreen; picture-in-picture"" loading=""lazy""></iframe>"
31,愛とか恋とか,Like Love Or Like Love,Novelbright,2022,Japanese,40000003,"<iframe style=""border-radius:12px"" src=""https://open.spotify.com/embed/track/1VHL1PIkhDwWbFc65xHwOr?utm_source=generator&theme=0"" width=""100%"" height=""352"" frameBorder=""0"" allowfullscreen="""" allow=""autoplay; clipboard-write; encrypted-media; fullscreen; picture-in-picture"" loading=""lazy""></iframe>"
32,Bye-Good-Bye,Bye-Good-Bye,BE:FIRST,2022,Japanese,33695841,"<iframe style=""border-radius:12px"" src=""https://open.spotify.com/embed/track/3Itdlob7CzXIQqydeVwutQ?utm_source=generator&theme=0"" width=""100%"" height=""352"" frameBorder=""0"" allowfullscreen="""" allow=""autoplay; clipboard-write; encrypted-media; fullscreen; picture-in-picture"" loading=""lazy""></iframe>"
33,三原色,Primary Colours,YOASOBI,2021,Japanese,82231400,"<iframe style=""border-radius:12px"" src=""https://open.spotify.com/embed/track/2F9iSs6DypVQu26t5uaeFM?utm_source=generator&theme=0"" width=""100%"" height=""352"" frameBorder=""0"" allowfullscreen="""" allow=""autoplay; clipboard-write; encrypted-media; fullscreen; picture-in-picture"" loading=""lazy""></iframe>"
34,Pretender,Pretender,OFFICIAL HIGE DANDISM,2019,Japanese,193721458,"<iframe style=""border-radius:12px"" src=""https://open.spotify.com/embed/track/15HNdxGKNCIO9pgaY4n7FU?utm_source=generator&theme=0"" width=""100%"" height=""352"" frameBorder=""0"" allowfullscreen="""" allow=""autoplay; clipboard-write; encrypted-media; fullscreen; picture-in-picture"" loading=""lazy""></iframe>"
35,I'm invincible,I'm invincible,Ado,2022,Japanese,46490572,"<iframe style=""border-radius:12px"" src=""https://open.spotify.com/embed/track/7yQnZkAxSiAavC0zFRB1NI?utm_source=generator&theme=0"" width=""100%"" height=""352"" frameBorder=""0"" allowfullscreen="""" allow=""autoplay; clipboard-write; encrypted-media; fullscreen; picture-in-picture"" loading=""lazy""></iframe>"
36,Stand By Me Stand By You.,Stand By Me Stand By You.,HIRAIDAI,2021,Japanese,105926949,"<iframe style=""border-radius:12px"" src=""https://open.spotify.com/embed/track/7yQnZkAxSiAavC0zFRB1NI?utm_source=generator&theme=0"" width=""100%"" height=""352"" frameBorder=""0"" allowfullscreen="""" allow=""autoplay; clipboard-write; encrypted-media; fullscreen; picture-in-picture"" loading=""lazy""></iframe>"
37,ヨワネハキ,Complaints,MAISONdes & 和ぬか & asmi,2021,Japanese,53979065,"<iframe style=""border-radius:12px"" src=""https://open.spotify.com/embed/track/0FOVGBW0RpVRuDuUuN4ZVw?utm_source=generator&theme=0"" width=""100%"" height=""352"" frameBorder=""0"" allowfullscreen="""" allow=""autoplay; clipboard-write; encrypted-media; fullscreen; picture-in-picture"" loading=""lazy""></iframe>"
38,Odo,Odo,Ado,2022,Japanese,91737852,"<iframe style=""border-radius:12px"" src=""https://open.spotify.com/embed/track/37bNBNB332HXbSy6079cws?utm_source=generator&theme=0"" width=""100%"" height=""352"" frameBorder=""0"" allowfullscreen="""" allow=""autoplay; clipboard-write; encrypted-media; fullscreen; picture-in-picture"" loading=""lazy""></iframe>"
39,恋風邪にのせて,Taken By Love's Zephyr,Vaundy,2022,Japanese,33180828,"<iframe style=""border-radius:12px"" src=""https://open.spotify.com/embed/track/5PeXak0Ox3JmH2oor0qnGt?utm_source=generator&theme=0"" width=""100%"" height=""352"" frameBorder=""0"" allowfullscreen="""" allow=""autoplay; clipboard-write; encrypted-media; fullscreen; picture-in-picture"" loading=""lazy""></iframe>"
40,猫,Cat,DISH//,2017,Japanese,98515521,"<iframe style=""border-radius:12px"" src=""https://open.spotify.com/embed/track/6sIx7Cn37DGEhjy9hBP8Gx?utm_source=generator&theme=0"" width=""100%"" height=""352"" frameBorder=""0"" allowfullscreen="""" allow=""autoplay; clipboard-write; encrypted-media; fullscreen; picture-in-picture"" loading=""lazy""></iframe>"
41,怪獣の花唄,The Monster's Flower Ballad,Vaundy,2020,Japanese,59069117,"<iframe style=""border-radius:12px"" src=""https://open.spotify.com/embed/track/10zz9RZt9DnqcxNWksRNrx?utm_source=generator&theme=0"" width=""100%"" height=""352"" frameBorder=""0"" allowfullscreen="""" allow=""autoplay; clipboard-write; encrypted-media; fullscreen; picture-in-picture"" loading=""lazy""></iframe>"
42,Backlight,Backlight,Ado,2022,Japanese,48562650,"<iframe style=""border-radius:12px"" src=""https://open.spotify.com/embed/track/3WY0iazRPHOlIq6CdbKLZ6?utm_source=generator&theme=0"" width=""100%"" height=""352"" frameBorder=""0"" allowfullscreen="""" allow=""autoplay; clipboard-write; encrypted-media; fullscreen; picture-in-picture"" loading=""lazy""></iframe>"
43,I Love...,I Love...,OFFICIAL HIGE DANDISM,2021,Japanese,139889964,"<iframe style=""border-radius:12px"" src=""https://open.spotify.com/embed/track/2hwcYq85TVuj6GhBBTuWdg?utm_source=generator&theme=0"" width=""100%"" height=""352"" frameBorder=""0"" allowfullscreen="""" allow=""autoplay; clipboard-write; encrypted-media; fullscreen; picture-in-picture"" loading=""lazy""></iframe>"
44,おもかげ,Countenance,milet & Aimer & Lilas Ikuta,2021,Japanese,36320956,"<iframe style=""border-radius:12px"" src=""https://open.spotify.com/embed/track/6ts1KCOudfDYXYfyWtq0k1?utm_source=generator&theme=0"" width=""100%"" height=""352"" frameBorder=""0"" allowfullscreen="""" allow=""autoplay; clipboard-write; encrypted-media; fullscreen; picture-in-picture"" loading=""lazy""></iframe>"
45,いつか,Someday,Saucy Dog,2017,Japanese,50991400,"<iframe style=""border-radius:12px"" src=""https://open.spotify.com/embed/track/37ZddqLVyF23NIg5I17SBd?utm_source=generator&theme=0"" width=""100%"" height=""352"" frameBorder=""0"" allowfullscreen="""" allow=""autoplay; clipboard-write; encrypted-media; fullscreen; picture-in-picture"" loading=""lazy""></iframe>"
46,Comedy,Comedy,Gen Hoshino,2022,Japanese,70802525,"<iframe style=""border-radius:12px"" src=""https://open.spotify.com/embed/track/5SuOikwiRyPMVoIQDJUgSV?utm_source=generator&theme=0"" width=""100%"" height=""352"" frameBorder=""0"" allowfullscreen="""" allow=""autoplay; clipboard-write; encrypted-media; fullscreen; picture-in-picture"" loading=""lazy""></iframe>"
47,Vanilla,Vanilla,Kyanai,2022,Japanese,25673349,"<iframe style=""border-radius:12px"" src=""https://open.spotify.com/embed/track/7luM6QZ54WNPm3bZ6fzBkE?utm_source=generator&theme=0"" width=""100%"" height=""352"" frameBorder=""0"" allowfullscreen="""" allow=""autoplay; clipboard-write; encrypted-media; fullscreen; picture-in-picture"" loading=""lazy""></iframe>"
48,KICK BACK,KICK BACK,Kenshi Yonezu,2022,Japanese,112716933,"<iframe style=""border-radius:12px"" src=""https://open.spotify.com/embed/track/3khEEPRyBeOUabbmOPJzAG?utm_source=generator&theme=0"" width=""100%"" height=""352"" frameBorder=""0"" allowfullscreen="""" allow=""autoplay; clipboard-write; encrypted-media; fullscreen; picture-in-picture"" loading=""lazy""></iframe>"
49,BOY,BOY,King Gnu,2021,Japanese,46271152,"<iframe style=""border-radius:12px"" src=""https://open.spotify.com/embed/track/3oQaOjaIYPsnJbGNzXcIID?utm_source=generator&theme=0"" width=""100%"" height=""352"" frameBorder=""0"" allowfullscreen="""" allow=""autoplay; clipboard-write; encrypted-media; fullscreen; picture-in-picture"" loading=""lazy""></iframe>"
50,Subtitle,Subtitle,OFFICIAL HIGE DANDISM,2022,Japanese,43555711,"<iframe style=""border-radius:12px"" src=""https://open.spotify.com/embed/track/4zrKPIygugUDKGFEjVwpSB?utm_source=generator&theme=0"" width=""100%"" height=""352"" frameBorder=""0"" allowfullscreen="""" allow=""autoplay; clipboard-write; encrypted-media; fullscreen; picture-in-picture"" loading=""lazy""></iframe>"
1,与我无关,Not My Business,阿冗,2020,Chinese,18449530,"<iframe style=""border-radius:12px"" src=""https://open.spotify.com/embed/track/2qlUhwv6Hqx5ZZHCucRlGF?utm_source=generator&theme=0"" width=""100%"" height=""352"" frameBorder=""0"" allowfullscreen="""" allow=""autoplay; clipboard-write; encrypted-media; fullscreen; picture-in-picture"" loading=""lazy""></iframe>"
2,飞鸟和蝉,The Birds and the Cicadas,任然,2020,Chinese,72514246,"<iframe style=""border-radius:12px"" src=""https://open.spotify.com/embed/track/0O7O4sssbFxoNoB4QRGra1?utm_source=generator&theme=0"" width=""100%"" height=""352"" frameBorder=""0"" allowfullscreen="""" allow=""autoplay; clipboard-write; encrypted-media; fullscreen; picture-in-picture"" loading=""lazy""></iframe>"
3,很久以后,Long After,G.E.M.,2019,Chinese,26669211,"<iframe style=""border-radius:12px"" src=""https://open.spotify.com/embed/track/6lZKB76djHxzO0p2Y3E8vj?utm_source=generator&theme=0"" width=""100%"" height=""352"" frameBorder=""0"" allowfullscreen="""" allow=""autoplay; clipboard-write; encrypted-media; fullscreen; picture-in-picture"" loading=""lazy""></iframe>"
4,从前说,Once Upon A Time,小阿七,2021,Chinese,17083577,"<iframe style=""border-radius:12px"" src=""https://open.spotify.com/embed/track/1GpbSYjurHKlxhcxCZ1Bqa?utm_source=generator&theme=0"" width=""100%"" height=""352"" frameBorder=""0"" allowfullscreen="""" allow=""autoplay; clipboard-write; encrypted-media; fullscreen; picture-in-picture"" loading=""lazy""></iframe>"
5,白月光与朱砂痣,Your First Love and the One You Love,大籽,2021,Chinese,26390757,"<iframe style=""border-radius:12px"" src=""https://open.spotify.com/embed/track/74nVCj4vMVemLIs71vXcnP?utm_source=generator&theme=0"" width=""100%"" height=""352"" frameBorder=""0"" allowfullscreen="""" allow=""autoplay; clipboard-write; encrypted-media; fullscreen; picture-in-picture"" loading=""lazy""></iframe>"
6,嘉宾,Guest,张远,2020,Chinese,30534693,"<iframe style=""border-radius:12px"" src=""https://open.spotify.com/embed/track/4Li6IWgv5sFzsnFWXgzi4a?utm_source=generator&theme=0"" width=""100%"" height=""352"" frameBorder=""0"" allowfullscreen="""" allow=""autoplay; clipboard-write; encrypted-media; fullscreen; picture-in-picture"" loading=""lazy""></iframe>"
7,都怪我,All My Fault,胡66,2020,Chinese,6796243,"<iframe style=""border-radius:12px"" src=""https://open.spotify.com/embed/track/1VZza5Fp2d1TZRMC28CVQM?utm_source=generator&theme=0"" width=""100%"" height=""352"" frameBorder=""0"" allowfullscreen="""" allow=""autoplay; clipboard-write; encrypted-media; fullscreen; picture-in-picture"" loading=""lazy""></iframe>"
8,哪里都是你,You're Everywhere,队长,2017,Chinese,18583372,"<iframe style=""border-radius:12px"" src=""https://open.spotify.com/embed/track/3QP3cYE3qnplFueLKNVsbM?utm_source=generator&theme=0"" width=""100%"" height=""352"" frameBorder=""0"" allowfullscreen="""" allow=""autoplay; clipboard-write; encrypted-media; fullscreen; picture-in-picture"" loading=""lazy""></iframe>"
9,错位时空,Dissolve,亦闻,2021,Chinese,20843,"<iframe style=""border-radius:12px"" src=""https://open.spotify.com/embed/track/4HRSHN5tUK1woPrFFF5y6l?utm_source=generator&theme=0"" width=""100%"" height=""352"" frameBorder=""0"" allowfullscreen="""" allow=""autoplay; clipboard-write; encrypted-media; fullscreen; picture-in-picture"" loading=""lazy""></iframe>"
10,踏山河,Stepping On Mountains and Rivers,是七叔呢,2020,Chinese,5367499,"<iframe style=""border-radius:12px"" src=""https://open.spotify.com/embed/track/2S0nt4fW6069qnb4C7jFY7?utm_source=generator&theme=0"" width=""100%"" height=""352"" frameBorder=""0"" allowfullscreen="""" allow=""autoplay; clipboard-write; encrypted-media; fullscreen; picture-in-picture"" loading=""lazy""></iframe>"
11,半生雪,Half A Lifetime Of Snow,叶泽结,2021,Chinese,3201092,"<iframe style=""border-radius:12px"" src=""https://open.spotify.com/embed/track/78bqfALvRPcASKzAYOpo7z?utm_source=generator&theme=0"" width=""100%"" height=""352"" frameBorder=""0"" allowfullscreen="""" allow=""autoplay; clipboard-write; encrypted-media; fullscreen; picture-in-picture"" loading=""lazy""></iframe>"
12,不知所措,Don't Know What To Do,王靖雯,2020,Chinese,10207236,"<iframe style=""border-radius:12px"" src=""https://open.spotify.com/embed/track/1uZuvvHcVVzQri7heVUd1q?utm_source=generator&theme=0"" width=""100%"" height=""352"" frameBorder=""0"" allowfullscreen="""" allow=""autoplay; clipboard-write; encrypted-media; fullscreen; picture-in-picture"" loading=""lazy""></iframe>"
13,我不爱你了,I Don't Love You Anymore,王贤琬,2020,Chinese,11173967,"<iframe style=""border-radius:12px"" src=""https://open.spotify.com/embed/track/1FURb0RVSbzD6DZuyC0Mec?utm_source=generator&theme=0"" width=""100%"" height=""352"" frameBorder=""0"" allowfullscreen="""" allow=""autoplay; clipboard-write; encrypted-media; fullscreen; picture-in-picture"" loading=""lazy""></iframe>"
14,蒙着嘴说我爱你,Love Without Words,姜涛,2021,Chinese,17400229,"<iframe style=""border-radius:12px"" src=""https://open.spotify.com/embed/track/2w9A7fvq6ka5CB9l7wDZXG?utm_source=generator&theme=0"" width=""100%"" height=""352"" frameBorder=""0"" allowfullscreen="""" allow=""autoplay; clipboard-write; encrypted-media; fullscreen; picture-in-picture"" loading=""lazy""></iframe>"
15,记忆棉,Pillow Talk,张天赋,2020,Chinese,10162449,"<iframe style=""border-radius:12px"" src=""https://open.spotify.com/embed/track/1ZrnCyms7CBYsCvkkVIkt8?utm_source=generator&theme=0"" width=""100%"" height=""352"" frameBorder=""0"" allowfullscreen="""" allow=""autoplay; clipboard-write; encrypted-media; fullscreen; picture-in-picture"" loading=""lazy""></iframe>"
16,善变,Fickle,王靖雯,2020,Chinese,10144513,"<iframe style=""border-radius:12px"" src=""https://open.spotify.com/embed/track/06B9w0ykvQbj61BCRViQo9?utm_source=generator&theme=0"" width=""100%"" height=""352"" frameBorder=""0"" allowfullscreen="""" allow=""autoplay; clipboard-write; encrypted-media; fullscreen; picture-in-picture"" loading=""lazy""></iframe>"
17,炙爱,Fiery Love,李杰明,2020,Chinese,2041867,"<iframe style=""border-radius:12px"" src=""https://open.spotify.com/embed/track/3CEkc8f1UDvI7kohz3ARpA?utm_source=generator&theme=0"" width=""100%"" height=""352"" frameBorder=""0"" allowfullscreen="""" allow=""autoplay; clipboard-write; encrypted-media; fullscreen; picture-in-picture"" loading=""lazy""></iframe>"
18,留一天与你喘息,Breathing With You,陈卓贤,2022,Chinese,17367080,"<iframe style=""border-radius:12px"" src=""https://open.spotify.com/embed/track/6flgMTTqhbJSNryAPCYcvA?utm_source=generator&theme=0"" width=""100%"" height=""352"" frameBorder=""0"" allowfullscreen="""" allow=""autoplay; clipboard-write; encrypted-media; fullscreen; picture-in-picture"" loading=""lazy""></iframe>"
19,反对无效,Overruled,陈咏谦,2021,Chinese,16416800,"<iframe style=""border-radius:12px"" src=""https://open.spotify.com/embed/track/2P5Eeh29qJrYa1T27cdL3B?utm_source=generator&theme=0"" width=""100%"" height=""352"" frameBorder=""0"" allowfullscreen="""" allow=""autoplay; clipboard-write; encrypted-media; fullscreen; picture-in-picture"" loading=""lazy""></iframe>"
20,上了年纪的男人,When He Gets Older,大壮,2020,Chinese,1476527,"<iframe style=""border-radius:12px"" src=""https://open.spotify.com/embed/track/0z4eehjUgiqQ16BXhWikUW?utm_source=generator&theme=0"" width=""100%"" height=""352"" frameBorder=""0"" allowfullscreen="""" allow=""autoplay; clipboard-write; encrypted-media; fullscreen; picture-in-picture"" loading=""lazy""></iframe>"
21,妈妈的话,Mother's Words,Zyboy 忠宇,2021,Chinese,2877356,"<iframe style=""border-radius:12px"" src=""https://open.spotify.com/embed/track/7fCVFh4wE9vnWOgTxC57Om?utm_source=generator&theme=0"" width=""100%"" height=""352"" frameBorder=""0"" allowfullscreen="""" allow=""autoplay; clipboard-write; encrypted-media; fullscreen; picture-in-picture"" loading=""lazy""></iframe>"
22,就忘了吧,Just Forget It,赵磊,2022,Chinese,12285817,"<iframe style=""border-radius:12px"" src=""https://open.spotify.com/embed/track/0l6w3GsvjJWdZHs3eXTjuL?utm_source=generator&theme=0"" width=""100%"" height=""352"" frameBorder=""0"" allowfullscreen="""" allow=""autoplay; clipboard-write; encrypted-media; fullscreen; picture-in-picture"" loading=""lazy""></iframe>"
23,作品的说话,What the Work Says,姜涛,2022,Chinese,25880692,"<iframe style=""border-radius:12px"" src=""https://open.spotify.com/embed/track/1dBroK67DSaaEE5kvkVjzG?utm_source=generator&theme=0"" width=""100%"" height=""352"" frameBorder=""0"" allowfullscreen="""" allow=""autoplay; clipboard-write; encrypted-media; fullscreen; picture-in-picture"" loading=""lazy""></iframe>"
24,别太爱我们,Don't Love Us Too Much,昊昊HOHO,2021,Chinese,45523,"<iframe style=""border-radius:12px"" src=""https://open.spotify.com/embed/track/1Bpy5S9Cy0NdQXcILnh3XF?utm_source=generator&theme=0"" width=""100%"" height=""352"" frameBorder=""0"" allowfullscreen="""" allow=""autoplay; clipboard-write; encrypted-media; fullscreen; picture-in-picture"" loading=""lazy""></iframe>"
25,最,Most,刘大壮,2020,Chinese,3568382,"<iframe style=""border-radius:12px"" src=""https://open.spotify.com/embed/track/4gJR3V1ffZTjr1pyYHecLR?utm_source=generator&theme=0"" width=""100%"" height=""352"" frameBorder=""0"" allowfullscreen="""" allow=""autoplay; clipboard-write; encrypted-media; fullscreen; picture-in-picture"" loading=""lazy""></iframe>"
26,忘了没有,Have You Forgotten,王靖雯,2020,Chinese,7503732,"<iframe style=""border-radius:12px"" src=""https://open.spotify.com/embed/track/5esdAkY219Yw91Lqb50yj4?utm_source=generator&theme=0"" width=""100%"" height=""352"" frameBorder=""0"" allowfullscreen="""" allow=""autoplay; clipboard-write; encrypted-media; fullscreen; picture-in-picture"" loading=""lazy""></iframe>"
27,故事很短,A Short Story,于冬然,2021,Chinese,3571305,"<iframe style=""border-radius:12px"" src=""https://open.spotify.com/embed/track/6MMGwoXC1LhNh4JPZmHr8U?utm_source=generator&theme=0"" width=""100%"" height=""352"" frameBorder=""0"" allowfullscreen="""" allow=""autoplay; clipboard-write; encrypted-media; fullscreen; picture-in-picture"" loading=""lazy""></iframe>"
28,500天,500 Days,九九,2022,Chinese,7170645,"<iframe style=""border-radius:12px"" src=""https://open.spotify.com/embed/track/3tHqubDUl1OHGgGz87YreF?utm_source=generator&theme=0"" width=""100%"" height=""352"" frameBorder=""0"" allowfullscreen="""" allow=""autoplay; clipboard-write; encrypted-media; fullscreen; picture-in-picture"" loading=""lazy""></iframe>"
29,好好忘记我,Please Forget Me,颜人中,2021,Chinese,1014763,"<iframe style=""border-radius:12px"" src=""https://open.spotify.com/embed/track/2efvYOVhiG08OzphWZHhpx?utm_source=generator&theme=0"" width=""100%"" height=""352"" frameBorder=""0"" allowfullscreen="""" allow=""autoplay; clipboard-write; encrypted-media; fullscreen; picture-in-picture"" loading=""lazy""></iframe>"
30,听说你,I Heard That You...,于冬然,2022,Chinese,1776722,"<iframe style=""border-radius:12px"" src=""https://open.spotify.com/embed/track/1nbcdTsZbPQHmg8o2G7XQ2?utm_source=generator&theme=0"" width=""100%"" height=""352"" frameBorder=""0"" allowfullscreen="""" allow=""autoplay; clipboard-write; encrypted-media; fullscreen; picture-in-picture"" loading=""lazy""></iframe>"
31,把孤独藏进耳机,Hide Your Loneliess In Your Earphones,凭雅柔,2022,Chinese,2150,"<iframe style=""border-radius:12px"" src=""https://open.spotify.com/embed/track/4apnGy4bdv19ZInd4nyIEN?utm_source=generator&theme=0"" width=""100%"" height=""352"" frameBorder=""0"" allowfullscreen="""" allow=""autoplay; clipboard-write; encrypted-media; fullscreen; picture-in-picture"" loading=""lazy""></iframe>"
32,我就当你死了,I'll Pretend You're Dead,施语庭,2022,Chinese,286502,"<iframe style=""border-radius:12px"" src=""https://open.spotify.com/embed/track/1yRX0cPejBjlIyQxB19zLV?utm_source=generator&theme=0"" width=""100%"" height=""352"" frameBorder=""0"" allowfullscreen="""" allow=""autoplay; clipboard-write; encrypted-media; fullscreen; picture-in-picture"" loading=""lazy""></iframe>"
33,地球上的最后一朵花,The Last Flower On Earth,陈卓贤,2022,Chinese,4326975,"<iframe style=""border-radius:12px"" src=""https://open.spotify.com/embed/track/2vJreatDgwtXWKpkqpPUZ3?utm_source=generator&theme=0"" width=""100%"" height=""352"" frameBorder=""0"" allowfullscreen="""" allow=""autoplay; clipboard-write; encrypted-media; fullscreen; picture-in-picture"" loading=""lazy""></iframe>"
34,我太笨,I'm Too Stupid,锤娜丽莎,2021,Chinese,4083467,"<iframe style=""border-radius:12px"" src=""https://open.spotify.com/embed/track/5VmKEe5ZAa4KwejAQHmsyx?utm_source=generator&theme=0"" width=""100%"" height=""352"" frameBorder=""0"" allowfullscreen="""" allow=""autoplay; clipboard-write; encrypted-media; fullscreen; picture-in-picture"" loading=""lazy""></iframe>"
35,你不是第一个离开的人,You're Not The First To Leave Me,G.E.M.,2022,Chinese,3644958,"<iframe style=""border-radius:12px"" src=""https://open.spotify.com/embed/track/2uY8mN0tdlmy9E1zuHmWOh?utm_source=generator&theme=0"" width=""100%"" height=""352"" frameBorder=""0"" allowfullscreen="""" allow=""autoplay; clipboard-write; encrypted-media; fullscreen; picture-in-picture"" loading=""lazy""></iframe>"
36,天空没有极限,Limitless Sky,G.E.M.,2022,Chinese,3168303,"<iframe style=""border-radius:12px"" src=""https://open.spotify.com/embed/track/4nivAUgvOrWdkv44kjAlxs?utm_source=generator&theme=0"" width=""100%"" height=""352"" frameBorder=""0"" allowfullscreen="""" allow=""autoplay; clipboard-write; encrypted-media; fullscreen; picture-in-picture"" loading=""lazy""></iframe>"
37,安静的稻草人,The Quiet Scarecrow,吴大文,2021,Chinese,1313320,"<iframe style=""border-radius:12px"" src=""https://open.spotify.com/embed/track/3LEhWXtzVIBFORQZYPXqNj?utm_source=generator&theme=0"" width=""100%"" height=""352"" frameBorder=""0"" allowfullscreen="""" allow=""autoplay; clipboard-write; encrypted-media; fullscreen; picture-in-picture"" loading=""lazy""></iframe>"
38,能不能放过我,Can You Please Let Me Go,于冬然,2022,Chinese,145088,"<iframe style=""border-radius:12px"" src=""https://open.spotify.com/embed/track/6AlPyM6Mg5PcVqFFs0eR8z?utm_source=generator&theme=0"" width=""100%"" height=""352"" frameBorder=""0"" allowfullscreen="""" allow=""autoplay; clipboard-write; encrypted-media; fullscreen; picture-in-picture"" loading=""lazy""></iframe>"
39,爱不得忘不舍,Cannot Love Cannot Forget,白小白,2020,Chinese,2291486,"<iframe style=""border-radius:12px"" src=""https://open.spotify.com/embed/track/6xZ8qfm9MdhsTu0zWGBPD9?utm_source=generator&theme=0"" width=""100%"" height=""352"" frameBorder=""0"" allowfullscreen="""" allow=""autoplay; clipboard-write; encrypted-media; fullscreen; picture-in-picture"" loading=""lazy""></iframe>"
40,下一位前度,Next,林家谦,2019,Chinese,12894090,"<iframe style=""border-radius:12px"" src=""https://open.spotify.com/embed/track/3i4wtaYK77lWNjkm5cLo7J?utm_source=generator&theme=0"" width=""100%"" height=""352"" frameBorder=""0"" allowfullscreen="""" allow=""autoplay; clipboard-write; encrypted-media; fullscreen; picture-in-picture"" loading=""lazy""></iframe>"
41,芒种,Grain,赵方婧,2019,Chinese,44826999,"<iframe style=""border-radius:12px"" src=""https://open.spotify.com/embed/track/3IP4qSMfGeqI2XqHFf25sj?utm_source=generator&theme=0"" width=""100%"" height=""352"" frameBorder=""0"" allowfullscreen="""" allow=""autoplay; clipboard-write; encrypted-media; fullscreen; picture-in-picture"" loading=""lazy""></iframe>"
42,清空,Clear,王忻辰,2021,Chinese,13287536,"<iframe style=""border-radius:12px"" src=""https://open.spotify.com/embed/track/0JPxIqkH636FIYb6ce2kt4?utm_source=generator&theme=0"" width=""100%"" height=""352"" frameBorder=""0"" allowfullscreen="""" allow=""autoplay; clipboard-write; encrypted-media; fullscreen; picture-in-picture"" loading=""lazy""></iframe>"
43,可可托海的牧羊人,The Shepherd From Koktokay,王琪,2020,Chinese,4858997,"<iframe style=""border-radius:12px"" src=""https://open.spotify.com/embed/track/6RrqlcmD1ibPVHZKyKtKRJ?utm_source=generator&theme=0"" width=""100%"" height=""352"" frameBorder=""0"" allowfullscreen="""" allow=""autoplay; clipboard-write; encrypted-media; fullscreen; picture-in-picture"" loading=""lazy""></iframe>"
44,空空如也,Empty,任然,2017,Chinese,21833080,"<iframe style=""border-radius:12px"" src=""https://open.spotify.com/embed/track/6ipLJpVGwldtju0toRAAP2?utm_source=generator&theme=0"" width=""100%"" height=""352"" frameBorder=""0"" allowfullscreen="""" allow=""autoplay; clipboard-write; encrypted-media; fullscreen; picture-in-picture"" loading=""lazy""></iframe>"
45,溯,Reverse,CORSAK,2018,Chinese,9519878,"<iframe style=""border-radius:12px"" src=""https://open.spotify.com/embed/track/0BVRfqRHpYnXnv9t5yp9ai?utm_source=generator&theme=0"" width=""100%"" height=""352"" frameBorder=""0"" allowfullscreen="""" allow=""autoplay; clipboard-write; encrypted-media; fullscreen; picture-in-picture"" loading=""lazy""></iframe>"
46,岩石里的花,Love Finds a Way,G.E.M.,2018,Chinese,13035623,"<iframe style=""border-radius:12px"" src=""https://open.spotify.com/embed/track/011PQjn7HT04bTvEnqDrcz?utm_source=generator&theme=0"" width=""100%"" height=""352"" frameBorder=""0"" allowfullscreen="""" allow=""autoplay; clipboard-write; encrypted-media; fullscreen; picture-in-picture"" loading=""lazy""></iframe>"
47,消愁,Drowning Sorrows,毛不易,2017,Chinese,11994566,"<iframe style=""border-radius:12px"" src=""https://open.spotify.com/embed/track/1eyhZf2stL2a1AXSfeKyYn?utm_source=generator&theme=0"" width=""100%"" height=""352"" frameBorder=""0"" allowfullscreen="""" allow=""autoplay; clipboard-write; encrypted-media; fullscreen; picture-in-picture"" loading=""lazy""></iframe>"
48,童话镇,The Town of Fairytales,陈一发儿,2016,Chinese,1562936,"<iframe style=""border-radius:12px"" src=""https://open.spotify.com/embed/track/5Eleds9x91q3aKjxUACKas?utm_source=generator&theme=0"" width=""100%"" height=""352"" frameBorder=""0"" allowfullscreen="""" allow=""autoplay; clipboard-write; encrypted-media; fullscreen; picture-in-picture"" loading=""lazy""></iframe>"
49,可笑,Laughable,丁满,2022,Chinese,119651,"<iframe style=""border-radius:12px"" src=""https://open.spotify.com/embed/track/76JEDUtTlMQNlgqUH26FVb?utm_source=generator&theme=0"" width=""100%"" height=""352"" frameBorder=""0"" allowfullscreen="""" allow=""autoplay; clipboard-write; encrypted-media; fullscreen; picture-in-picture"" loading=""lazy""></iframe>"
50,好想爱这个世界啊,I Want To Love This World,华晨宇,2019,Chinese,14612751,"<iframe style=""border-radius:12px"" src=""https://open.spotify.com/embed/track/7dcP3dkBK2SEplkgIZlwix?utm_source=generator&theme=0"" width=""100%"" height=""352"" frameBorder=""0"" allowfullscreen="""" allow=""autoplay; clipboard-write; encrypted-media; fullscreen; picture-in-picture"" loading=""lazy""></iframe>"
